period,DMA,sales
2021-12-19,"TULSA, OK",3.0
2021-12-19,"AUSTIN, TX",9.0
2021-12-19,"EUREKA, CA",8.0
2021-12-19,"HOUSTON, TX",9.0
2021-12-19,"LUBBOCK, TX",17.0
2021-12-19,"PHOENIX, AZ",17.0
2021-12-19,"AMARILLO, TX",8.0
2021-12-19,"VICTORIA, TX",5.0
2021-12-19,"JONESBORO, AR",7.0
2021-12-19,"ST JOSEPH, MO",2.0
2021-12-19,"ALEXANDRIA, LA",8.0
2021-12-19,"SAN ANGELO, TX",7.0
2021-12-19,"SHREVEPORT, LA",6.0
2021-12-19,"LITTLE ROCK, AR",8.0
2021-12-19,"PARKERSBERG, WV",2.0
2021-12-19,"SPRINGFIELD, MO",8.0
2021-12-19,"LAKE CHARLES, LA",12.0
2021-12-19,"OKLAHOMA CITY, OK",9.0
2021-12-19,"ODESSA-MIDLAND, TX",11.0
2021-12-19,"RALEIGH-DURHAM, NC",12.0
2021-12-19,"TYLER-LONGVIEW, TX",29.0
2021-12-19,"DALLAS, TX",12.0
2021-12-19,"WACO-TEMPLE, TX",11.0
2021-12-19,"ABILENE, TX",6.0
2021-12-19,"MONROE-ELDORADO, LA",9.0
2021-12-19,"CHARLESTON-HUNTINGTON, WV",21.0
2021-12-19,"GREENVILLE-NEW BERN, NC",29.0
2021-12-19,"BLUEFIELD-BECKLEY, WV",12.0
2021-12-19,"JOPLIN, MO - PITTSBURG, KS",1.0
2021-12-19,"WICHITA-HUTCHINSON, KS",0.0
2021-12-19,"CLARKSBURG-WESTON, WV",1.0
2021-12-19,"GREENWOOD-GREENVILLE, MS",4.0
2021-12-19,"COLUMBUS, OH",0.0
2021-12-19,"SPOKANE, WA",0.0
2021-12-19,"FT SMITH, AR",1.0
2021-12-19,"CLEVELAND, OH",0.0
2021-12-19,"LAS VEGAS, NV",1.0
2021-12-19,"RENO, NV",0.0
2021-12-19,"PALM SPRINGS, CA",4.0
2021-12-19,"SHERMAN-ADA, OK",0.0
2021-12-19,"LOS ANGELES, CA",1.0
2021-12-19,"MEMPHIS, TN",0.0
2021-12-19,"KANSAS CITY, MO",0.0
2021-12-19,"SACRAMENTO, CA",5.0
2021-12-19,"WICHITA FALLS, TX - LAWTON, OK",0.0
2021-12-19,"COLUMBIA-JEFFERSON CITY, MO",0.0
2021-12-19,"MONTEREY-SALINAS, CA",0.0
2021-12-19,"SAN ANTONIO, TX",0.0
2021-12-19,"LAFAYETTE, LA",0.0
2021-12-19,"FRESNO-VISALIA, CA",0.0
2021-12-19,"NEW YORK, NY",710.0
2021-12-19,No DMA,0.0
2021-08-08,"TULSA, OK",8.0
2021-08-08,"AUSTIN, TX",21.0
2021-08-08,"EUREKA, CA",16.0
2021-08-08,"HOUSTON, TX",16.0
2021-08-08,"LUBBOCK, TX",17.0
2021-08-08,"PHOENIX, AZ",47.0
2021-08-08,"AMARILLO, TX",12.0
2021-08-08,"VICTORIA, TX",9.0
2021-08-08,"JONESBORO, AR",4.0
2021-08-08,"ST JOSEPH, MO",2.0
2021-08-08,"ALEXANDRIA, LA",18.0
2021-08-08,"SAN ANGELO, TX",16.0
2021-08-08,"SHREVEPORT, LA",17.0
2021-08-08,"LITTLE ROCK, AR",18.0
2021-08-08,"PARKERSBERG, WV",18.0
2021-08-08,"SPRINGFIELD, MO",19.0
2021-08-08,"LAKE CHARLES, LA",22.0
2021-08-08,"OKLAHOMA CITY, OK",19.0
2021-08-08,"ODESSA-MIDLAND, TX",15.0
2021-08-08,"RALEIGH-DURHAM, NC",9.0
2021-08-08,"TYLER-LONGVIEW, TX",44.0
2021-08-08,"DALLAS, TX",54.0
2021-08-08,"WACO-TEMPLE, TX",22.0
2021-08-08,"ABILENE, TX",18.0
2021-08-08,"MONROE-ELDORADO, LA",9.0
2021-08-08,"CHARLESTON-HUNTINGTON, WV",34.0
2021-08-08,"GREENVILLE-NEW BERN, NC",40.0
2021-08-08,"BLUEFIELD-BECKLEY, WV",17.0
2021-08-08,"JOPLIN, MO - PITTSBURG, KS",1.0
2021-08-08,"WICHITA-HUTCHINSON, KS",0.0
2021-08-08,"CLARKSBURG-WESTON, WV",3.0
2021-08-08,"GREENWOOD-GREENVILLE, MS",5.0
2021-08-08,"COLUMBUS, OH",0.0
2021-08-08,"SPOKANE, WA",3.0
2021-08-08,"FT SMITH, AR",1.0
2021-08-08,"CLEVELAND, OH",0.0
2021-08-08,"LAS VEGAS, NV",4.0
2021-08-08,"RENO, NV",2.0
2021-08-08,"PALM SPRINGS, CA",3.0
2021-08-08,"SHERMAN-ADA, OK",2.0
2021-08-08,"LOS ANGELES, CA",1.0
2021-08-08,"MEMPHIS, TN",3.0
2021-08-08,"KANSAS CITY, MO",1.0
2021-08-08,"SACRAMENTO, CA",7.0
2021-08-08,"WICHITA FALLS, TX - LAWTON, OK",1.0
2021-08-08,"COLUMBIA-JEFFERSON CITY, MO",0.0
2021-08-08,"MONTEREY-SALINAS, CA",1.0
2021-08-08,"SAN ANTONIO, TX",0.0
2021-08-08,"LAFAYETTE, LA",0.0
2021-08-08,"FRESNO-VISALIA, CA",0.0
2021-08-08,"NEW YORK, NY",971.0
2021-08-08,No DMA,0.0
2021-11-28,"TULSA, OK",14.0
2021-11-28,"AUSTIN, TX",17.0
2021-11-28,"EUREKA, CA",17.0
2021-11-28,"HOUSTON, TX",30.0
2021-11-28,"LUBBOCK, TX",25.0
2021-11-28,"PHOENIX, AZ",39.0
2021-11-28,"AMARILLO, TX",14.0
2021-11-28,"VICTORIA, TX",10.0
2021-11-28,"JONESBORO, AR",9.0
2021-11-28,"ST JOSEPH, MO",3.0
2021-11-28,"ALEXANDRIA, LA",14.0
2021-11-28,"SAN ANGELO, TX",15.0
2021-11-28,"SHREVEPORT, LA",20.0
2021-11-28,"LITTLE ROCK, AR",13.0
2021-11-28,"PARKERSBERG, WV",9.0
2021-11-28,"SPRINGFIELD, MO",21.0
2021-11-28,"LAKE CHARLES, LA",18.0
2021-11-28,"OKLAHOMA CITY, OK",26.0
2021-11-28,"ODESSA-MIDLAND, TX",16.0
2021-11-28,"RALEIGH-DURHAM, NC",17.0
2021-11-28,"TYLER-LONGVIEW, TX",43.0
2021-11-28,"DALLAS, TX",31.0
2021-11-28,"WACO-TEMPLE, TX",18.0
2021-11-28,"ABILENE, TX",20.0
2021-11-28,"MONROE-ELDORADO, LA",8.0
2021-11-28,"CHARLESTON-HUNTINGTON, WV",25.0
2021-11-28,"GREENVILLE-NEW BERN, NC",34.0
2021-11-28,"BLUEFIELD-BECKLEY, WV",18.0
2021-11-28,"JOPLIN, MO - PITTSBURG, KS",2.0
2021-11-28,"WICHITA-HUTCHINSON, KS",0.0
2021-11-28,"CLARKSBURG-WESTON, WV",5.0
2021-11-28,"GREENWOOD-GREENVILLE, MS",5.0
2021-11-28,"COLUMBUS, OH",0.0
2021-11-28,"SPOKANE, WA",2.0
2021-11-28,"FT SMITH, AR",0.0
2021-11-28,"CLEVELAND, OH",1.0
2021-11-28,"LAS VEGAS, NV",0.0
2021-11-28,"RENO, NV",4.0
2021-11-28,"PALM SPRINGS, CA",1.0
2021-11-28,"SHERMAN-ADA, OK",0.0
2021-11-28,"LOS ANGELES, CA",1.0
2021-11-28,"MEMPHIS, TN",1.0
2021-11-28,"KANSAS CITY, MO",0.0
2021-11-28,"SACRAMENTO, CA",2.0
2021-11-28,"WICHITA FALLS, TX - LAWTON, OK",1.0
2021-11-28,"COLUMBIA-JEFFERSON CITY, MO",0.0
2021-11-28,"MONTEREY-SALINAS, CA",0.0
2021-11-28,"SAN ANTONIO, TX",0.0
2021-11-28,"LAFAYETTE, LA",1.0
2021-11-28,"FRESNO-VISALIA, CA",0.0
2021-11-28,"NEW YORK, NY",1024.0
2021-11-28,No DMA,0.0
2021-09-26,"TULSA, OK",8.0
2021-09-26,"AUSTIN, TX",14.0
2021-09-26,"EUREKA, CA",10.0
2021-09-26,"HOUSTON, TX",29.0
2021-09-26,"LUBBOCK, TX",26.0
2021-09-26,"PHOENIX, AZ",49.0
2021-09-26,"AMARILLO, TX",18.0
2021-09-26,"VICTORIA, TX",9.0
2021-09-26,"JONESBORO, AR",7.0
2021-09-26,"ST JOSEPH, MO",8.0
2021-09-26,"ALEXANDRIA, LA",21.0
2021-09-26,"SAN ANGELO, TX",10.0
2021-09-26,"SHREVEPORT, LA",16.0
2021-09-26,"LITTLE ROCK, AR",23.0
2021-09-26,"PARKERSBERG, WV",8.0
2021-09-26,"SPRINGFIELD, MO",14.0
2021-09-26,"LAKE CHARLES, LA",11.0
2021-09-26,"OKLAHOMA CITY, OK",16.0
2021-09-26,"ODESSA-MIDLAND, TX",23.0
2021-09-26,"RALEIGH-DURHAM, NC",15.0
2021-09-26,"TYLER-LONGVIEW, TX",51.0
2021-09-26,"DALLAS, TX",43.0
2021-09-26,"WACO-TEMPLE, TX",12.0
2021-09-26,"ABILENE, TX",17.0
2021-09-26,"MONROE-ELDORADO, LA",10.0
2021-09-26,"CHARLESTON-HUNTINGTON, WV",30.0
2021-09-26,"GREENVILLE-NEW BERN, NC",33.0
2021-09-26,"BLUEFIELD-BECKLEY, WV",15.0
2021-09-26,"JOPLIN, MO - PITTSBURG, KS",0.0
2021-09-26,"WICHITA-HUTCHINSON, KS",0.0
2021-09-26,"CLARKSBURG-WESTON, WV",6.0
2021-09-26,"GREENWOOD-GREENVILLE, MS",14.0
2021-09-26,"COLUMBUS, OH",0.0
2021-09-26,"SPOKANE, WA",0.0
2021-09-26,"FT SMITH, AR",2.0
2021-09-26,"CLEVELAND, OH",0.0
2021-09-26,"LAS VEGAS, NV",2.0
2021-09-26,"RENO, NV",2.0
2021-09-26,"PALM SPRINGS, CA",2.0
2021-09-26,"SHERMAN-ADA, OK",0.0
2021-09-26,"LOS ANGELES, CA",2.0
2021-09-26,"MEMPHIS, TN",0.0
2021-09-26,"KANSAS CITY, MO",5.0
2021-09-26,"SACRAMENTO, CA",4.0
2021-09-26,"WICHITA FALLS, TX - LAWTON, OK",1.0
2021-09-26,"COLUMBIA-JEFFERSON CITY, MO",0.0
2021-09-26,"MONTEREY-SALINAS, CA",0.0
2021-09-26,"SAN ANTONIO, TX",0.0
2021-09-26,"LAFAYETTE, LA",0.0
2021-09-26,"FRESNO-VISALIA, CA",0.0
2021-09-26,"NEW YORK, NY",980.0
2021-09-26,No DMA,0.0
2022-01-23,"TULSA, OK",6.0
2022-01-23,"AUSTIN, TX",10.0
2022-01-23,"EUREKA, CA",13.0
2022-01-23,"HOUSTON, TX",24.0
2022-01-23,"LUBBOCK, TX",22.0
2022-01-23,"PHOENIX, AZ",43.0
2022-01-23,"AMARILLO, TX",14.0
2022-01-23,"VICTORIA, TX",9.0
2022-01-23,"JONESBORO, AR",13.0
2022-01-23,"ST JOSEPH, MO",3.0
2022-01-23,"ALEXANDRIA, LA",22.0
2022-01-23,"SAN ANGELO, TX",5.0
2022-01-23,"SHREVEPORT, LA",23.0
2022-01-23,"LITTLE ROCK, AR",23.0
2022-01-23,"PARKERSBERG, WV",11.0
2022-01-23,"SPRINGFIELD, MO",23.0
2022-01-23,"LAKE CHARLES, LA",26.0
2022-01-23,"OKLAHOMA CITY, OK",15.0
2022-01-23,"ODESSA-MIDLAND, TX",16.0
2022-01-23,"RALEIGH-DURHAM, NC",10.0
2022-01-23,"TYLER-LONGVIEW, TX",59.0
2022-01-23,"DALLAS, TX",35.0
2022-01-23,"WACO-TEMPLE, TX",23.0
2022-01-23,"ABILENE, TX",20.0
2022-01-23,"MONROE-ELDORADO, LA",12.0
2022-01-23,"CHARLESTON-HUNTINGTON, WV",24.0
2022-01-23,"GREENVILLE-NEW BERN, NC",39.0
2022-01-23,"BLUEFIELD-BECKLEY, WV",16.0
2022-01-23,"JOPLIN, MO - PITTSBURG, KS",0.0
2022-01-23,"WICHITA-HUTCHINSON, KS",0.0
2022-01-23,"CLARKSBURG-WESTON, WV",1.0
2022-01-23,"GREENWOOD-GREENVILLE, MS",7.0
2022-01-23,"COLUMBUS, OH",0.0
2022-01-23,"SPOKANE, WA",0.0
2022-01-23,"FT SMITH, AR",2.0
2022-01-23,"CLEVELAND, OH",0.0
2022-01-23,"LAS VEGAS, NV",0.0
2022-01-23,"RENO, NV",1.0
2022-01-23,"PALM SPRINGS, CA",1.0
2022-01-23,"SHERMAN-ADA, OK",1.0
2022-01-23,"LOS ANGELES, CA",0.0
2022-01-23,"MEMPHIS, TN",1.0
2022-01-23,"KANSAS CITY, MO",2.0
2022-01-23,"SACRAMENTO, CA",2.0
2022-01-23,"WICHITA FALLS, TX - LAWTON, OK",5.0
2022-01-23,"COLUMBIA-JEFFERSON CITY, MO",0.0
2022-01-23,"MONTEREY-SALINAS, CA",0.0
2022-01-23,"SAN ANTONIO, TX",0.0
2022-01-23,"LAFAYETTE, LA",0.0
2022-01-23,"FRESNO-VISALIA, CA",0.0
2022-01-23,"NEW YORK, NY",965.0
2022-01-23,No DMA,0.0
2021-09-19,"TULSA, OK",15.0
2021-09-19,"AUSTIN, TX",19.0
2021-09-19,"EUREKA, CA",21.0
2021-09-19,"HOUSTON, TX",12.0
2021-09-19,"LUBBOCK, TX",35.0
2021-09-19,"PHOENIX, AZ",36.0
2021-09-19,"AMARILLO, TX",12.0
2021-09-19,"VICTORIA, TX",6.0
2021-09-19,"JONESBORO, AR",9.0
2021-09-19,"ST JOSEPH, MO",7.0
2021-09-19,"ALEXANDRIA, LA",10.0
2021-09-19,"SAN ANGELO, TX",7.0
2021-09-19,"SHREVEPORT, LA",15.0
2021-09-19,"LITTLE ROCK, AR",13.0
2021-09-19,"PARKERSBERG, WV",6.0
2021-09-19,"SPRINGFIELD, MO",17.0
2021-09-19,"LAKE CHARLES, LA",21.0
2021-09-19,"OKLAHOMA CITY, OK",7.0
2021-09-19,"ODESSA-MIDLAND, TX",14.0
2021-09-19,"RALEIGH-DURHAM, NC",16.0
2021-09-19,"TYLER-LONGVIEW, TX",41.0
2021-09-19,"DALLAS, TX",46.0
2021-09-19,"WACO-TEMPLE, TX",16.0
2021-09-19,"ABILENE, TX",14.0
2021-09-19,"MONROE-ELDORADO, LA",8.0
2021-09-19,"CHARLESTON-HUNTINGTON, WV",33.0
2021-09-19,"GREENVILLE-NEW BERN, NC",28.0
2021-09-19,"BLUEFIELD-BECKLEY, WV",19.0
2021-09-19,"JOPLIN, MO - PITTSBURG, KS",0.0
2021-09-19,"WICHITA-HUTCHINSON, KS",0.0
2021-09-19,"CLARKSBURG-WESTON, WV",4.0
2021-09-19,"GREENWOOD-GREENVILLE, MS",6.0
2021-09-19,"COLUMBUS, OH",2.0
2021-09-19,"SPOKANE, WA",0.0
2021-09-19,"FT SMITH, AR",0.0
2021-09-19,"CLEVELAND, OH",0.0
2021-09-19,"LAS VEGAS, NV",1.0
2021-09-19,"RENO, NV",2.0
2021-09-19,"PALM SPRINGS, CA",1.0
2021-09-19,"SHERMAN-ADA, OK",0.0
2021-09-19,"LOS ANGELES, CA",0.0
2021-09-19,"MEMPHIS, TN",2.0
2021-09-19,"KANSAS CITY, MO",0.0
2021-09-19,"SACRAMENTO, CA",6.0
2021-09-19,"WICHITA FALLS, TX - LAWTON, OK",4.0
2021-09-19,"COLUMBIA-JEFFERSON CITY, MO",0.0
2021-09-19,"MONTEREY-SALINAS, CA",1.0
2021-09-19,"SAN ANTONIO, TX",0.0
2021-09-19,"LAFAYETTE, LA",0.0
2021-09-19,"FRESNO-VISALIA, CA",0.0
2021-09-19,"NEW YORK, NY",1009.0
2021-09-19,No DMA,0.0
2021-10-10,"TULSA, OK",4.0
2021-10-10,"AUSTIN, TX",11.0
2021-10-10,"EUREKA, CA",13.0
2021-10-10,"HOUSTON, TX",23.0
2021-10-10,"LUBBOCK, TX",15.0
2021-10-10,"PHOENIX, AZ",32.0
2021-10-10,"AMARILLO, TX",15.0
2021-10-10,"VICTORIA, TX",6.0
2021-10-10,"JONESBORO, AR",6.0
2021-10-10,"ST JOSEPH, MO",3.0
2021-10-10,"ALEXANDRIA, LA",11.0
2021-10-10,"SAN ANGELO, TX",16.0
2021-10-10,"SHREVEPORT, LA",16.0
2021-10-10,"LITTLE ROCK, AR",23.0
2021-10-10,"PARKERSBERG, WV",11.0
2021-10-10,"SPRINGFIELD, MO",17.0
2021-10-10,"LAKE CHARLES, LA",21.0
2021-10-10,"OKLAHOMA CITY, OK",17.0
2021-10-10,"ODESSA-MIDLAND, TX",22.0
2021-10-10,"RALEIGH-DURHAM, NC",12.0
2021-10-10,"TYLER-LONGVIEW, TX",38.0
2021-10-10,"DALLAS, TX",35.0
2021-10-10,"WACO-TEMPLE, TX",11.0
2021-10-10,"ABILENE, TX",17.0
2021-10-10,"MONROE-ELDORADO, LA",10.0
2021-10-10,"CHARLESTON-HUNTINGTON, WV",39.0
2021-10-10,"GREENVILLE-NEW BERN, NC",28.0
2021-10-10,"BLUEFIELD-BECKLEY, WV",19.0
2021-10-10,"JOPLIN, MO - PITTSBURG, KS",2.0
2021-10-10,"WICHITA-HUTCHINSON, KS",0.0
2021-10-10,"CLARKSBURG-WESTON, WV",1.0
2021-10-10,"GREENWOOD-GREENVILLE, MS",8.0
2021-10-10,"COLUMBUS, OH",0.0
2021-10-10,"SPOKANE, WA",0.0
2021-10-10,"FT SMITH, AR",2.0
2021-10-10,"CLEVELAND, OH",0.0
2021-10-10,"LAS VEGAS, NV",0.0
2021-10-10,"RENO, NV",0.0
2021-10-10,"PALM SPRINGS, CA",1.0
2021-10-10,"SHERMAN-ADA, OK",0.0
2021-10-10,"LOS ANGELES, CA",1.0
2021-10-10,"MEMPHIS, TN",0.0
2021-10-10,"KANSAS CITY, MO",1.0
2021-10-10,"SACRAMENTO, CA",5.0
2021-10-10,"WICHITA FALLS, TX - LAWTON, OK",0.0
2021-10-10,"COLUMBIA-JEFFERSON CITY, MO",0.0
2021-10-10,"MONTEREY-SALINAS, CA",0.0
2021-10-10,"SAN ANTONIO, TX",0.0
2021-10-10,"LAFAYETTE, LA",3.0
2021-10-10,"FRESNO-VISALIA, CA",0.0
2021-10-10,"NEW YORK, NY",942.0
2021-10-10,No DMA,0.0
2021-12-12,"TULSA, OK",9.0
2021-12-12,"AUSTIN, TX",14.0
2021-12-12,"EUREKA, CA",13.0
2021-12-12,"HOUSTON, TX",15.0
2021-12-12,"LUBBOCK, TX",20.0
2021-12-12,"PHOENIX, AZ",39.0
2021-12-12,"AMARILLO, TX",16.0
2021-12-12,"VICTORIA, TX",9.0
2021-12-12,"JONESBORO, AR",8.0
2021-12-12,"ST JOSEPH, MO",6.0
2021-12-12,"ALEXANDRIA, LA",18.0
2021-12-12,"SAN ANGELO, TX",6.0
2021-12-12,"SHREVEPORT, LA",17.0
2021-12-12,"LITTLE ROCK, AR",16.0
2021-12-12,"PARKERSBERG, WV",8.0
2021-12-12,"SPRINGFIELD, MO",16.0
2021-12-12,"LAKE CHARLES, LA",21.0
2021-12-12,"OKLAHOMA CITY, OK",13.0
2021-12-12,"ODESSA-MIDLAND, TX",12.0
2021-12-12,"RALEIGH-DURHAM, NC",17.0
2021-12-12,"TYLER-LONGVIEW, TX",42.0
2021-12-12,"DALLAS, TX",30.0
2021-12-12,"WACO-TEMPLE, TX",16.0
2021-12-12,"ABILENE, TX",11.0
2021-12-12,"MONROE-ELDORADO, LA",10.0
2021-12-12,"CHARLESTON-HUNTINGTON, WV",27.0
2021-12-12,"GREENVILLE-NEW BERN, NC",30.0
2021-12-12,"BLUEFIELD-BECKLEY, WV",18.0
2021-12-12,"JOPLIN, MO - PITTSBURG, KS",1.0
2021-12-12,"WICHITA-HUTCHINSON, KS",0.0
2021-12-12,"CLARKSBURG-WESTON, WV",0.0
2021-12-12,"GREENWOOD-GREENVILLE, MS",8.0
2021-12-12,"COLUMBUS, OH",0.0
2021-12-12,"SPOKANE, WA",0.0
2021-12-12,"FT SMITH, AR",0.0
2021-12-12,"CLEVELAND, OH",0.0
2021-12-12,"LAS VEGAS, NV",1.0
2021-12-12,"RENO, NV",0.0
2021-12-12,"PALM SPRINGS, CA",5.0
2021-12-12,"SHERMAN-ADA, OK",0.0
2021-12-12,"LOS ANGELES, CA",0.0
2021-12-12,"MEMPHIS, TN",0.0
2021-12-12,"KANSAS CITY, MO",2.0
2021-12-12,"SACRAMENTO, CA",6.0
2021-12-12,"WICHITA FALLS, TX - LAWTON, OK",1.0
2021-12-12,"COLUMBIA-JEFFERSON CITY, MO",2.0
2021-12-12,"MONTEREY-SALINAS, CA",1.0
2021-12-12,"SAN ANTONIO, TX",0.0
2021-12-12,"LAFAYETTE, LA",1.0
2021-12-12,"FRESNO-VISALIA, CA",0.0
2021-12-12,"NEW YORK, NY",981.0
2021-12-12,No DMA,0.0
2021-08-15,"TULSA, OK",8.0
2021-08-15,"AUSTIN, TX",17.0
2021-08-15,"EUREKA, CA",9.0
2021-08-15,"HOUSTON, TX",24.0
2021-08-15,"LUBBOCK, TX",28.0
2021-08-15,"PHOENIX, AZ",33.0
2021-08-15,"AMARILLO, TX",20.0
2021-08-15,"VICTORIA, TX",6.0
2021-08-15,"JONESBORO, AR",6.0
2021-08-15,"ST JOSEPH, MO",6.0
2021-08-15,"ALEXANDRIA, LA",15.0
2021-08-15,"SAN ANGELO, TX",7.0
2021-08-15,"SHREVEPORT, LA",14.0
2021-08-15,"LITTLE ROCK, AR",18.0
2021-08-15,"PARKERSBERG, WV",9.0
2021-08-15,"SPRINGFIELD, MO",21.0
2021-08-15,"LAKE CHARLES, LA",17.0
2021-08-15,"OKLAHOMA CITY, OK",9.0
2021-08-15,"ODESSA-MIDLAND, TX",26.0
2021-08-15,"RALEIGH-DURHAM, NC",14.0
2021-08-15,"TYLER-LONGVIEW, TX",54.0
2021-08-15,"DALLAS, TX",48.0
2021-08-15,"WACO-TEMPLE, TX",20.0
2021-08-15,"ABILENE, TX",19.0
2021-08-15,"MONROE-ELDORADO, LA",10.0
2021-08-15,"CHARLESTON-HUNTINGTON, WV",24.0
2021-08-15,"GREENVILLE-NEW BERN, NC",42.0
2021-08-15,"BLUEFIELD-BECKLEY, WV",13.0
2021-08-15,"JOPLIN, MO - PITTSBURG, KS",1.0
2021-08-15,"WICHITA-HUTCHINSON, KS",1.0
2021-08-15,"CLARKSBURG-WESTON, WV",3.0
2021-08-15,"GREENWOOD-GREENVILLE, MS",9.0
2021-08-15,"COLUMBUS, OH",0.0
2021-08-15,"SPOKANE, WA",0.0
2021-08-15,"FT SMITH, AR",0.0
2021-08-15,"CLEVELAND, OH",2.0
2021-08-15,"LAS VEGAS, NV",2.0
2021-08-15,"RENO, NV",1.0
2021-08-15,"PALM SPRINGS, CA",0.0
2021-08-15,"SHERMAN-ADA, OK",1.0
2021-08-15,"LOS ANGELES, CA",0.0
2021-08-15,"MEMPHIS, TN",2.0
2021-08-15,"KANSAS CITY, MO",3.0
2021-08-15,"SACRAMENTO, CA",5.0
2021-08-15,"WICHITA FALLS, TX - LAWTON, OK",0.0
2021-08-15,"COLUMBIA-JEFFERSON CITY, MO",0.0
2021-08-15,"MONTEREY-SALINAS, CA",0.0
2021-08-15,"SAN ANTONIO, TX",0.0
2021-08-15,"LAFAYETTE, LA",0.0
2021-08-15,"FRESNO-VISALIA, CA",0.0
2021-08-15,"NEW YORK, NY",890.0
2021-08-15,No DMA,0.0
2021-09-05,"TULSA, OK",6.0
2021-09-05,"AUSTIN, TX",9.0
2021-09-05,"EUREKA, CA",11.0
2021-09-05,"HOUSTON, TX",21.0
2021-09-05,"LUBBOCK, TX",14.0
2021-09-05,"PHOENIX, AZ",35.0
2021-09-05,"AMARILLO, TX",17.0
2021-09-05,"VICTORIA, TX",10.0
2021-09-05,"JONESBORO, AR",7.0
2021-09-05,"ST JOSEPH, MO",7.0
2021-09-05,"ALEXANDRIA, LA",10.0
2021-09-05,"SAN ANGELO, TX",8.0
2021-09-05,"SHREVEPORT, LA",15.0
2021-09-05,"LITTLE ROCK, AR",15.0
2021-09-05,"PARKERSBERG, WV",6.0
2021-09-05,"SPRINGFIELD, MO",17.0
2021-09-05,"LAKE CHARLES, LA",15.0
2021-09-05,"OKLAHOMA CITY, OK",17.0
2021-09-05,"ODESSA-MIDLAND, TX",14.0
2021-09-05,"RALEIGH-DURHAM, NC",9.0
2021-09-05,"TYLER-LONGVIEW, TX",41.0
2021-09-05,"DALLAS, TX",29.0
2021-09-05,"WACO-TEMPLE, TX",12.0
2021-09-05,"ABILENE, TX",6.0
2021-09-05,"MONROE-ELDORADO, LA",6.0
2021-09-05,"CHARLESTON-HUNTINGTON, WV",27.0
2021-09-05,"GREENVILLE-NEW BERN, NC",22.0
2021-09-05,"BLUEFIELD-BECKLEY, WV",11.0
2021-09-05,"JOPLIN, MO - PITTSBURG, KS",1.0
2021-09-05,"WICHITA-HUTCHINSON, KS",0.0
2021-09-05,"CLARKSBURG-WESTON, WV",0.0
2021-09-05,"GREENWOOD-GREENVILLE, MS",1.0
2021-09-05,"COLUMBUS, OH",0.0
2021-09-05,"SPOKANE, WA",1.0
2021-09-05,"FT SMITH, AR",0.0
2021-09-05,"CLEVELAND, OH",0.0
2021-09-05,"LAS VEGAS, NV",1.0
2021-09-05,"RENO, NV",0.0
2021-09-05,"PALM SPRINGS, CA",3.0
2021-09-05,"SHERMAN-ADA, OK",0.0
2021-09-05,"LOS ANGELES, CA",0.0
2021-09-05,"MEMPHIS, TN",1.0
2021-09-05,"KANSAS CITY, MO",4.0
2021-09-05,"SACRAMENTO, CA",3.0
2021-09-05,"WICHITA FALLS, TX - LAWTON, OK",3.0
2021-09-05,"COLUMBIA-JEFFERSON CITY, MO",0.0
2021-09-05,"MONTEREY-SALINAS, CA",0.0
2021-09-05,"SAN ANTONIO, TX",0.0
2021-09-05,"LAFAYETTE, LA",0.0
2021-09-05,"FRESNO-VISALIA, CA",0.0
2021-09-05,"NEW YORK, NY",884.0
2021-09-05,No DMA,0.0
2021-10-17,"TULSA, OK",4.0
2021-10-17,"AUSTIN, TX",14.0
2021-10-17,"EUREKA, CA",6.0
2021-10-17,"HOUSTON, TX",27.0
2021-10-17,"LUBBOCK, TX",24.0
2021-10-17,"PHOENIX, AZ",42.0
2021-10-17,"AMARILLO, TX",15.0
2021-10-17,"VICTORIA, TX",11.0
2021-10-17,"JONESBORO, AR",10.0
2021-10-17,"ST JOSEPH, MO",10.0
2021-10-17,"ALEXANDRIA, LA",11.0
2021-10-17,"SAN ANGELO, TX",13.0
2021-10-17,"SHREVEPORT, LA",12.0
2021-10-17,"LITTLE ROCK, AR",12.0
2021-10-17,"PARKERSBERG, WV",8.0
2021-10-17,"SPRINGFIELD, MO",23.0
2021-10-17,"LAKE CHARLES, LA",18.0
2021-10-17,"OKLAHOMA CITY, OK",13.0
2021-10-17,"ODESSA-MIDLAND, TX",19.0
2021-10-17,"RALEIGH-DURHAM, NC",11.0
2021-10-17,"TYLER-LONGVIEW, TX",56.0
2021-10-17,"DALLAS, TX",33.0
2021-10-17,"WACO-TEMPLE, TX",23.0
2021-10-17,"ABILENE, TX",21.0
2021-10-17,"MONROE-ELDORADO, LA",3.0
2021-10-17,"CHARLESTON-HUNTINGTON, WV",45.0
2021-10-17,"GREENVILLE-NEW BERN, NC",27.0
2021-10-17,"BLUEFIELD-BECKLEY, WV",22.0
2021-10-17,"JOPLIN, MO - PITTSBURG, KS",0.0
2021-10-17,"WICHITA-HUTCHINSON, KS",0.0
2021-10-17,"CLARKSBURG-WESTON, WV",5.0
2021-10-17,"GREENWOOD-GREENVILLE, MS",9.0
2021-10-17,"COLUMBUS, OH",1.0
2021-10-17,"SPOKANE, WA",0.0
2021-10-17,"FT SMITH, AR",2.0
2021-10-17,"CLEVELAND, OH",0.0
2021-10-17,"LAS VEGAS, NV",2.0
2021-10-17,"RENO, NV",0.0
2021-10-17,"PALM SPRINGS, CA",3.0
2021-10-17,"SHERMAN-ADA, OK",1.0
2021-10-17,"LOS ANGELES, CA",4.0
2021-10-17,"MEMPHIS, TN",2.0
2021-10-17,"KANSAS CITY, MO",1.0
2021-10-17,"SACRAMENTO, CA",3.0
2021-10-17,"WICHITA FALLS, TX - LAWTON, OK",1.0
2021-10-17,"COLUMBIA-JEFFERSON CITY, MO",2.0
2021-10-17,"MONTEREY-SALINAS, CA",0.0
2021-10-17,"SAN ANTONIO, TX",0.0
2021-10-17,"LAFAYETTE, LA",1.0
2021-10-17,"FRESNO-VISALIA, CA",0.0
2021-10-17,"NEW YORK, NY",1107.0
2021-10-17,No DMA,0.0
2021-09-12,"TULSA, OK",8.0
2021-09-12,"AUSTIN, TX",16.0
2021-09-12,"EUREKA, CA",11.0
2021-09-12,"HOUSTON, TX",22.0
2021-09-12,"LUBBOCK, TX",21.0
2021-09-12,"PHOENIX, AZ",33.0
2021-09-12,"AMARILLO, TX",22.0
2021-09-12,"VICTORIA, TX",17.0
2021-09-12,"JONESBORO, AR",8.0
2021-09-12,"ST JOSEPH, MO",3.0
2021-09-12,"ALEXANDRIA, LA",5.0
2021-09-12,"SAN ANGELO, TX",14.0
2021-09-12,"SHREVEPORT, LA",23.0
2021-09-12,"LITTLE ROCK, AR",20.0
2021-09-12,"PARKERSBERG, WV",6.0
2021-09-12,"SPRINGFIELD, MO",17.0
2021-09-12,"LAKE CHARLES, LA",18.0
2021-09-12,"OKLAHOMA CITY, OK",10.0
2021-09-12,"ODESSA-MIDLAND, TX",14.0
2021-09-12,"RALEIGH-DURHAM, NC",13.0
2021-09-12,"TYLER-LONGVIEW, TX",45.0
2021-09-12,"DALLAS, TX",34.0
2021-09-12,"WACO-TEMPLE, TX",18.0
2021-09-12,"ABILENE, TX",13.0
2021-09-12,"MONROE-ELDORADO, LA",11.0
2021-09-12,"CHARLESTON-HUNTINGTON, WV",34.0
2021-09-12,"GREENVILLE-NEW BERN, NC",22.0
2021-09-12,"BLUEFIELD-BECKLEY, WV",18.0
2021-09-12,"JOPLIN, MO - PITTSBURG, KS",0.0
2021-09-12,"WICHITA-HUTCHINSON, KS",0.0
2021-09-12,"CLARKSBURG-WESTON, WV",2.0
2021-09-12,"GREENWOOD-GREENVILLE, MS",3.0
2021-09-12,"COLUMBUS, OH",0.0
2021-09-12,"SPOKANE, WA",0.0
2021-09-12,"FT SMITH, AR",1.0
2021-09-12,"CLEVELAND, OH",0.0
2021-09-12,"LAS VEGAS, NV",0.0
2021-09-12,"RENO, NV",1.0
2021-09-12,"PALM SPRINGS, CA",2.0
2021-09-12,"SHERMAN-ADA, OK",0.0
2021-09-12,"LOS ANGELES, CA",0.0
2021-09-12,"MEMPHIS, TN",1.0
2021-09-12,"KANSAS CITY, MO",0.0
2021-09-12,"SACRAMENTO, CA",3.0
2021-09-12,"WICHITA FALLS, TX - LAWTON, OK",2.0
2021-09-12,"COLUMBIA-JEFFERSON CITY, MO",0.0
2021-09-12,"MONTEREY-SALINAS, CA",0.0
2021-09-12,"SAN ANTONIO, TX",0.0
2021-09-12,"LAFAYETTE, LA",0.0
2021-09-12,"FRESNO-VISALIA, CA",0.0
2021-09-12,"NEW YORK, NY",1146.0
2021-09-12,No DMA,0.0
2021-10-03,"TULSA, OK",11.0
2021-10-03,"AUSTIN, TX",16.0
2021-10-03,"EUREKA, CA",12.0
2021-10-03,"HOUSTON, TX",17.0
2021-10-03,"LUBBOCK, TX",33.0
2021-10-03,"PHOENIX, AZ",39.0
2021-10-03,"AMARILLO, TX",15.0
2021-10-03,"VICTORIA, TX",12.0
2021-10-03,"JONESBORO, AR",10.0
2021-10-03,"ST JOSEPH, MO",6.0
2021-10-03,"ALEXANDRIA, LA",14.0
2021-10-03,"SAN ANGELO, TX",9.0
2021-10-03,"SHREVEPORT, LA",11.0
2021-10-03,"LITTLE ROCK, AR",15.0
2021-10-03,"PARKERSBERG, WV",7.0
2021-10-03,"SPRINGFIELD, MO",15.0
2021-10-03,"LAKE CHARLES, LA",22.0
2021-10-03,"OKLAHOMA CITY, OK",18.0
2021-10-03,"ODESSA-MIDLAND, TX",14.0
2021-10-03,"RALEIGH-DURHAM, NC",8.0
2021-10-03,"TYLER-LONGVIEW, TX",48.0
2021-10-03,"DALLAS, TX",42.0
2021-10-03,"WACO-TEMPLE, TX",15.0
2021-10-03,"ABILENE, TX",17.0
2021-10-03,"MONROE-ELDORADO, LA",6.0
2021-10-03,"CHARLESTON-HUNTINGTON, WV",35.0
2021-10-03,"GREENVILLE-NEW BERN, NC",38.0
2021-10-03,"BLUEFIELD-BECKLEY, WV",14.0
2021-10-03,"JOPLIN, MO - PITTSBURG, KS",1.0
2021-10-03,"WICHITA-HUTCHINSON, KS",0.0
2021-10-03,"CLARKSBURG-WESTON, WV",2.0
2021-10-03,"GREENWOOD-GREENVILLE, MS",2.0
2021-10-03,"COLUMBUS, OH",0.0
2021-10-03,"SPOKANE, WA",0.0
2021-10-03,"FT SMITH, AR",0.0
2021-10-03,"CLEVELAND, OH",1.0
2021-10-03,"LAS VEGAS, NV",1.0
2021-10-03,"RENO, NV",0.0
2021-10-03,"PALM SPRINGS, CA",1.0
2021-10-03,"SHERMAN-ADA, OK",0.0
2021-10-03,"LOS ANGELES, CA",0.0
2021-10-03,"MEMPHIS, TN",0.0
2021-10-03,"KANSAS CITY, MO",2.0
2021-10-03,"SACRAMENTO, CA",5.0
2021-10-03,"WICHITA FALLS, TX - LAWTON, OK",3.0
2021-10-03,"COLUMBIA-JEFFERSON CITY, MO",0.0
2021-10-03,"MONTEREY-SALINAS, CA",0.0
2021-10-03,"SAN ANTONIO, TX",0.0
2021-10-03,"LAFAYETTE, LA",1.0
2021-10-03,"FRESNO-VISALIA, CA",0.0
2021-10-03,"NEW YORK, NY",1024.0
2021-10-03,No DMA,0.0
2022-01-09,"TULSA, OK",6.0
2022-01-09,"AUSTIN, TX",20.0
2022-01-09,"EUREKA, CA",20.0
2022-01-09,"HOUSTON, TX",21.0
2022-01-09,"LUBBOCK, TX",24.0
2022-01-09,"PHOENIX, AZ",23.0
2022-01-09,"AMARILLO, TX",18.0
2022-01-09,"VICTORIA, TX",2.0
2022-01-09,"JONESBORO, AR",10.0
2022-01-09,"ST JOSEPH, MO",4.0
2022-01-09,"ALEXANDRIA, LA",11.0
2022-01-09,"SAN ANGELO, TX",8.0
2022-01-09,"SHREVEPORT, LA",13.0
2022-01-09,"LITTLE ROCK, AR",14.0
2022-01-09,"PARKERSBERG, WV",16.0
2022-01-09,"SPRINGFIELD, MO",14.0
2022-01-09,"LAKE CHARLES, LA",14.0
2022-01-09,"OKLAHOMA CITY, OK",14.0
2022-01-09,"ODESSA-MIDLAND, TX",12.0
2022-01-09,"RALEIGH-DURHAM, NC",15.0
2022-01-09,"TYLER-LONGVIEW, TX",45.0
2022-01-09,"DALLAS, TX",30.0
2022-01-09,"WACO-TEMPLE, TX",20.0
2022-01-09,"ABILENE, TX",20.0
2022-01-09,"MONROE-ELDORADO, LA",5.0
2022-01-09,"CHARLESTON-HUNTINGTON, WV",29.0
2022-01-09,"GREENVILLE-NEW BERN, NC",37.0
2022-01-09,"BLUEFIELD-BECKLEY, WV",15.0
2022-01-09,"JOPLIN, MO - PITTSBURG, KS",1.0
2022-01-09,"WICHITA-HUTCHINSON, KS",0.0
2022-01-09,"CLARKSBURG-WESTON, WV",3.0
2022-01-09,"GREENWOOD-GREENVILLE, MS",4.0
2022-01-09,"COLUMBUS, OH",0.0
2022-01-09,"SPOKANE, WA",1.0
2022-01-09,"FT SMITH, AR",0.0
2022-01-09,"CLEVELAND, OH",0.0
2022-01-09,"LAS VEGAS, NV",0.0
2022-01-09,"RENO, NV",1.0
2022-01-09,"PALM SPRINGS, CA",3.0
2022-01-09,"SHERMAN-ADA, OK",0.0
2022-01-09,"LOS ANGELES, CA",0.0
2022-01-09,"MEMPHIS, TN",0.0
2022-01-09,"KANSAS CITY, MO",0.0
2022-01-09,"SACRAMENTO, CA",3.0
2022-01-09,"WICHITA FALLS, TX - LAWTON, OK",3.0
2022-01-09,"COLUMBIA-JEFFERSON CITY, MO",2.0
2022-01-09,"MONTEREY-SALINAS, CA",0.0
2022-01-09,"SAN ANTONIO, TX",0.0
2022-01-09,"LAFAYETTE, LA",1.0
2022-01-09,"FRESNO-VISALIA, CA",0.0
2022-01-09,"NEW YORK, NY",976.0
2022-01-09,No DMA,0.0
2021-12-05,"TULSA, OK",9.0
2021-12-05,"AUSTIN, TX",13.0
2021-12-05,"EUREKA, CA",10.0
2021-12-05,"HOUSTON, TX",25.0
2021-12-05,"LUBBOCK, TX",16.0
2021-12-05,"PHOENIX, AZ",35.0
2021-12-05,"AMARILLO, TX",12.0
2021-12-05,"VICTORIA, TX",4.0
2021-12-05,"JONESBORO, AR",14.0
2021-12-05,"ST JOSEPH, MO",1.0
2021-12-05,"ALEXANDRIA, LA",24.0
2021-12-05,"SAN ANGELO, TX",9.0
2021-12-05,"SHREVEPORT, LA",24.0
2021-12-05,"LITTLE ROCK, AR",17.0
2021-12-05,"PARKERSBERG, WV",2.0
2021-12-05,"SPRINGFIELD, MO",13.0
2021-12-05,"LAKE CHARLES, LA",12.0
2021-12-05,"OKLAHOMA CITY, OK",16.0
2021-12-05,"ODESSA-MIDLAND, TX",13.0
2021-12-05,"RALEIGH-DURHAM, NC",9.0
2021-12-05,"TYLER-LONGVIEW, TX",38.0
2021-12-05,"DALLAS, TX",30.0
2021-12-05,"WACO-TEMPLE, TX",13.0
2021-12-05,"ABILENE, TX",9.0
2021-12-05,"MONROE-ELDORADO, LA",10.0
2021-12-05,"CHARLESTON-HUNTINGTON, WV",29.0
2021-12-05,"GREENVILLE-NEW BERN, NC",29.0
2021-12-05,"BLUEFIELD-BECKLEY, WV",12.0
2021-12-05,"JOPLIN, MO - PITTSBURG, KS",2.0
2021-12-05,"WICHITA-HUTCHINSON, KS",0.0
2021-12-05,"CLARKSBURG-WESTON, WV",1.0
2021-12-05,"GREENWOOD-GREENVILLE, MS",10.0
2021-12-05,"COLUMBUS, OH",0.0
2021-12-05,"SPOKANE, WA",1.0
2021-12-05,"FT SMITH, AR",3.0
2021-12-05,"CLEVELAND, OH",0.0
2021-12-05,"LAS VEGAS, NV",0.0
2021-12-05,"RENO, NV",1.0
2021-12-05,"PALM SPRINGS, CA",2.0
2021-12-05,"SHERMAN-ADA, OK",1.0
2021-12-05,"LOS ANGELES, CA",0.0
2021-12-05,"MEMPHIS, TN",0.0
2021-12-05,"KANSAS CITY, MO",0.0
2021-12-05,"SACRAMENTO, CA",8.0
2021-12-05,"WICHITA FALLS, TX - LAWTON, OK",0.0
2021-12-05,"COLUMBIA-JEFFERSON CITY, MO",0.0
2021-12-05,"MONTEREY-SALINAS, CA",0.0
2021-12-05,"SAN ANTONIO, TX",0.0
2021-12-05,"LAFAYETTE, LA",1.0
2021-12-05,"FRESNO-VISALIA, CA",0.0
2021-12-05,"NEW YORK, NY",887.0
2021-12-05,No DMA,0.0
2021-11-07,"TULSA, OK",9.0
2021-11-07,"AUSTIN, TX",16.0
2021-11-07,"EUREKA, CA",14.0
2021-11-07,"HOUSTON, TX",30.0
2021-11-07,"LUBBOCK, TX",12.0
2021-11-07,"PHOENIX, AZ",23.0
2021-11-07,"AMARILLO, TX",17.0
2021-11-07,"VICTORIA, TX",10.0
2021-11-07,"JONESBORO, AR",14.0
2021-11-07,"ST JOSEPH, MO",5.0
2021-11-07,"ALEXANDRIA, LA",19.0
2021-11-07,"SAN ANGELO, TX",12.0
2021-11-07,"SHREVEPORT, LA",21.0
2021-11-07,"LITTLE ROCK, AR",11.0
2021-11-07,"PARKERSBERG, WV",9.0
2021-11-07,"SPRINGFIELD, MO",18.0
2021-11-07,"LAKE CHARLES, LA",21.0
2021-11-07,"OKLAHOMA CITY, OK",23.0
2021-11-07,"ODESSA-MIDLAND, TX",21.0
2021-11-07,"RALEIGH-DURHAM, NC",16.0
2021-11-07,"TYLER-LONGVIEW, TX",40.0
2021-11-07,"DALLAS, TX",24.0
2021-11-07,"WACO-TEMPLE, TX",13.0
2021-11-07,"ABILENE, TX",16.0
2021-11-07,"MONROE-ELDORADO, LA",7.0
2021-11-07,"CHARLESTON-HUNTINGTON, WV",45.0
2021-11-07,"GREENVILLE-NEW BERN, NC",39.0
2021-11-07,"BLUEFIELD-BECKLEY, WV",15.0
2021-11-07,"JOPLIN, MO - PITTSBURG, KS",3.0
2021-11-07,"WICHITA-HUTCHINSON, KS",0.0
2021-11-07,"CLARKSBURG-WESTON, WV",3.0
2021-11-07,"GREENWOOD-GREENVILLE, MS",6.0
2021-11-07,"COLUMBUS, OH",0.0
2021-11-07,"SPOKANE, WA",0.0
2021-11-07,"FT SMITH, AR",4.0
2021-11-07,"CLEVELAND, OH",0.0
2021-11-07,"LAS VEGAS, NV",0.0
2021-11-07,"RENO, NV",2.0
2021-11-07,"PALM SPRINGS, CA",2.0
2021-11-07,"SHERMAN-ADA, OK",0.0
2021-11-07,"LOS ANGELES, CA",0.0
2021-11-07,"MEMPHIS, TN",1.0
2021-11-07,"KANSAS CITY, MO",3.0
2021-11-07,"SACRAMENTO, CA",8.0
2021-11-07,"WICHITA FALLS, TX - LAWTON, OK",1.0
2021-11-07,"COLUMBIA-JEFFERSON CITY, MO",0.0
2021-11-07,"MONTEREY-SALINAS, CA",0.0
2021-11-07,"SAN ANTONIO, TX",0.0
2021-11-07,"LAFAYETTE, LA",0.0
2021-11-07,"FRESNO-VISALIA, CA",0.0
2021-11-07,"NEW YORK, NY",1027.0
2021-11-07,No DMA,0.0
2021-11-21,"TULSA, OK",4.0
2021-11-21,"AUSTIN, TX",5.0
2021-11-21,"EUREKA, CA",3.0
2021-11-21,"HOUSTON, TX",9.0
2021-11-21,"LUBBOCK, TX",14.0
2021-11-21,"PHOENIX, AZ",27.0
2021-11-21,"AMARILLO, TX",8.0
2021-11-21,"VICTORIA, TX",6.0
2021-11-21,"JONESBORO, AR",3.0
2021-11-21,"ST JOSEPH, MO",2.0
2021-11-21,"ALEXANDRIA, LA",7.0
2021-11-21,"SAN ANGELO, TX",5.0
2021-11-21,"SHREVEPORT, LA",20.0
2021-11-21,"LITTLE ROCK, AR",2.0
2021-11-21,"PARKERSBERG, WV",6.0
2021-11-21,"SPRINGFIELD, MO",18.0
2021-11-21,"LAKE CHARLES, LA",7.0
2021-11-21,"OKLAHOMA CITY, OK",10.0
2021-11-21,"ODESSA-MIDLAND, TX",10.0
2021-11-21,"RALEIGH-DURHAM, NC",11.0
2021-11-21,"TYLER-LONGVIEW, TX",33.0
2021-11-21,"DALLAS, TX",22.0
2021-11-21,"WACO-TEMPLE, TX",8.0
2021-11-21,"ABILENE, TX",5.0
2021-11-21,"MONROE-ELDORADO, LA",9.0
2021-11-21,"CHARLESTON-HUNTINGTON, WV",10.0
2021-11-21,"GREENVILLE-NEW BERN, NC",28.0
2021-11-21,"BLUEFIELD-BECKLEY, WV",13.0
2021-11-21,"JOPLIN, MO - PITTSBURG, KS",2.0
2021-11-21,"WICHITA-HUTCHINSON, KS",0.0
2021-11-21,"CLARKSBURG-WESTON, WV",0.0
2021-11-21,"GREENWOOD-GREENVILLE, MS",5.0
2021-11-21,"COLUMBUS, OH",1.0
2021-11-21,"SPOKANE, WA",0.0
2021-11-21,"FT SMITH, AR",0.0
2021-11-21,"CLEVELAND, OH",0.0
2021-11-21,"LAS VEGAS, NV",0.0
2021-11-21,"RENO, NV",0.0
2021-11-21,"PALM SPRINGS, CA",1.0
2021-11-21,"SHERMAN-ADA, OK",0.0
2021-11-21,"LOS ANGELES, CA",1.0
2021-11-21,"MEMPHIS, TN",0.0
2021-11-21,"KANSAS CITY, MO",0.0
2021-11-21,"SACRAMENTO, CA",2.0
2021-11-21,"WICHITA FALLS, TX - LAWTON, OK",1.0
2021-11-21,"COLUMBIA-JEFFERSON CITY, MO",0.0
2021-11-21,"MONTEREY-SALINAS, CA",0.0
2021-11-21,"SAN ANTONIO, TX",0.0
2021-11-21,"LAFAYETTE, LA",1.0
2021-11-21,"FRESNO-VISALIA, CA",0.0
2021-11-21,"NEW YORK, NY",582.0
2021-11-21,No DMA,0.0
2021-08-29,"TULSA, OK",7.0
2021-08-29,"AUSTIN, TX",17.0
2021-08-29,"EUREKA, CA",10.0
2021-08-29,"HOUSTON, TX",22.0
2021-08-29,"LUBBOCK, TX",21.0
2021-08-29,"PHOENIX, AZ",36.0
2021-08-29,"AMARILLO, TX",22.0
2021-08-29,"VICTORIA, TX",9.0
2021-08-29,"JONESBORO, AR",8.0
2021-08-29,"ST JOSEPH, MO",10.0
2021-08-29,"ALEXANDRIA, LA",7.0
2021-08-29,"SAN ANGELO, TX",5.0
2021-08-29,"SHREVEPORT, LA",22.0
2021-08-29,"LITTLE ROCK, AR",17.0
2021-08-29,"PARKERSBERG, WV",11.0
2021-08-29,"SPRINGFIELD, MO",19.0
2021-08-29,"LAKE CHARLES, LA",20.0
2021-08-29,"OKLAHOMA CITY, OK",15.0
2021-08-29,"ODESSA-MIDLAND, TX",16.0
2021-08-29,"RALEIGH-DURHAM, NC",11.0
2021-08-29,"TYLER-LONGVIEW, TX",45.0
2021-08-29,"DALLAS, TX",36.0
2021-08-29,"WACO-TEMPLE, TX",15.0
2021-08-29,"ABILENE, TX",15.0
2021-08-29,"MONROE-ELDORADO, LA",8.0
2021-08-29,"CHARLESTON-HUNTINGTON, WV",47.0
2021-08-29,"GREENVILLE-NEW BERN, NC",32.0
2021-08-29,"BLUEFIELD-BECKLEY, WV",12.0
2021-08-29,"JOPLIN, MO - PITTSBURG, KS",2.0
2021-08-29,"WICHITA-HUTCHINSON, KS",0.0
2021-08-29,"CLARKSBURG-WESTON, WV",3.0
2021-08-29,"GREENWOOD-GREENVILLE, MS",5.0
2021-08-29,"COLUMBUS, OH",0.0
2021-08-29,"SPOKANE, WA",0.0
2021-08-29,"FT SMITH, AR",1.0
2021-08-29,"CLEVELAND, OH",0.0
2021-08-29,"LAS VEGAS, NV",0.0
2021-08-29,"RENO, NV",1.0
2021-08-29,"PALM SPRINGS, CA",4.0
2021-08-29,"SHERMAN-ADA, OK",1.0
2021-08-29,"LOS ANGELES, CA",1.0
2021-08-29,"MEMPHIS, TN",0.0
2021-08-29,"KANSAS CITY, MO",2.0
2021-08-29,"SACRAMENTO, CA",5.0
2021-08-29,"WICHITA FALLS, TX - LAWTON, OK",3.0
2021-08-29,"COLUMBIA-JEFFERSON CITY, MO",0.0
2021-08-29,"MONTEREY-SALINAS, CA",1.0
2021-08-29,"SAN ANTONIO, TX",0.0
2021-08-29,"LAFAYETTE, LA",1.0
2021-08-29,"FRESNO-VISALIA, CA",0.0
2021-08-29,"NEW YORK, NY",854.0
2021-08-29,No DMA,0.0
2021-08-01,"TULSA, OK",11.0
2021-08-01,"AUSTIN, TX",15.0
2021-08-01,"EUREKA, CA",10.0
2021-08-01,"HOUSTON, TX",27.0
2021-08-01,"LUBBOCK, TX",23.0
2021-08-01,"PHOENIX, AZ",36.0
2021-08-01,"AMARILLO, TX",11.0
2021-08-01,"VICTORIA, TX",4.0
2021-08-01,"JONESBORO, AR",3.0
2021-08-01,"ST JOSEPH, MO",5.0
2021-08-01,"ALEXANDRIA, LA",6.0
2021-08-01,"SAN ANGELO, TX",6.0
2021-08-01,"SHREVEPORT, LA",20.0
2021-08-01,"LITTLE ROCK, AR",11.0
2021-08-01,"PARKERSBERG, WV",9.0
2021-08-01,"SPRINGFIELD, MO",22.0
2021-08-01,"LAKE CHARLES, LA",29.0
2021-08-01,"OKLAHOMA CITY, OK",10.0
2021-08-01,"ODESSA-MIDLAND, TX",20.0
2021-08-01,"RALEIGH-DURHAM, NC",11.0
2021-08-01,"TYLER-LONGVIEW, TX",33.0
2021-08-01,"DALLAS, TX",42.0
2021-08-01,"WACO-TEMPLE, TX",10.0
2021-08-01,"ABILENE, TX",10.0
2021-08-01,"MONROE-ELDORADO, LA",3.0
2021-08-01,"CHARLESTON-HUNTINGTON, WV",30.0
2021-08-01,"GREENVILLE-NEW BERN, NC",23.0
2021-08-01,"BLUEFIELD-BECKLEY, WV",22.0
2021-08-01,"JOPLIN, MO - PITTSBURG, KS",2.0
2021-08-01,"WICHITA-HUTCHINSON, KS",0.0
2021-08-01,"CLARKSBURG-WESTON, WV",5.0
2021-08-01,"GREENWOOD-GREENVILLE, MS",3.0
2021-08-01,"COLUMBUS, OH",0.0
2021-08-01,"SPOKANE, WA",0.0
2021-08-01,"FT SMITH, AR",0.0
2021-08-01,"CLEVELAND, OH",0.0
2021-08-01,"LAS VEGAS, NV",0.0
2021-08-01,"RENO, NV",0.0
2021-08-01,"PALM SPRINGS, CA",1.0
2021-08-01,"SHERMAN-ADA, OK",3.0
2021-08-01,"LOS ANGELES, CA",2.0
2021-08-01,"MEMPHIS, TN",2.0
2021-08-01,"KANSAS CITY, MO",0.0
2021-08-01,"SACRAMENTO, CA",7.0
2021-08-01,"WICHITA FALLS, TX - LAWTON, OK",1.0
2021-08-01,"COLUMBIA-JEFFERSON CITY, MO",0.0
2021-08-01,"MONTEREY-SALINAS, CA",2.0
2021-08-01,"SAN ANTONIO, TX",0.0
2021-08-01,"LAFAYETTE, LA",1.0
2021-08-01,"FRESNO-VISALIA, CA",0.0
2021-08-01,"NEW YORK, NY",887.0
2021-08-01,No DMA,0.0
2022-01-02,"TULSA, OK",9.0
2022-01-02,"AUSTIN, TX",8.0
2022-01-02,"EUREKA, CA",16.0
2022-01-02,"HOUSTON, TX",31.0
2022-01-02,"LUBBOCK, TX",26.0
2022-01-02,"PHOENIX, AZ",36.0
2022-01-02,"AMARILLO, TX",18.0
2022-01-02,"VICTORIA, TX",11.0
2022-01-02,"JONESBORO, AR",4.0
2022-01-02,"ST JOSEPH, MO",6.0
2022-01-02,"ALEXANDRIA, LA",19.0
2022-01-02,"SAN ANGELO, TX",7.0
2022-01-02,"SHREVEPORT, LA",16.0
2022-01-02,"LITTLE ROCK, AR",13.0
2022-01-02,"PARKERSBERG, WV",8.0
2022-01-02,"SPRINGFIELD, MO",22.0
2022-01-02,"LAKE CHARLES, LA",27.0
2022-01-02,"OKLAHOMA CITY, OK",13.0
2022-01-02,"ODESSA-MIDLAND, TX",18.0
2022-01-02,"RALEIGH-DURHAM, NC",17.0
2022-01-02,"TYLER-LONGVIEW, TX",45.0
2022-01-02,"DALLAS, TX",35.0
2022-01-02,"WACO-TEMPLE, TX",11.0
2022-01-02,"ABILENE, TX",15.0
2022-01-02,"MONROE-ELDORADO, LA",10.0
2022-01-02,"CHARLESTON-HUNTINGTON, WV",29.0
2022-01-02,"GREENVILLE-NEW BERN, NC",35.0
2022-01-02,"BLUEFIELD-BECKLEY, WV",15.0
2022-01-02,"JOPLIN, MO - PITTSBURG, KS",2.0
2022-01-02,"WICHITA-HUTCHINSON, KS",0.0
2022-01-02,"CLARKSBURG-WESTON, WV",1.0
2022-01-02,"GREENWOOD-GREENVILLE, MS",7.0
2022-01-02,"COLUMBUS, OH",0.0
2022-01-02,"SPOKANE, WA",1.0
2022-01-02,"FT SMITH, AR",2.0
2022-01-02,"CLEVELAND, OH",0.0
2022-01-02,"LAS VEGAS, NV",2.0
2022-01-02,"RENO, NV",1.0
2022-01-02,"PALM SPRINGS, CA",1.0
2022-01-02,"SHERMAN-ADA, OK",1.0
2022-01-02,"LOS ANGELES, CA",2.0
2022-01-02,"MEMPHIS, TN",2.0
2022-01-02,"KANSAS CITY, MO",0.0
2022-01-02,"SACRAMENTO, CA",6.0
2022-01-02,"WICHITA FALLS, TX - LAWTON, OK",1.0
2022-01-02,"COLUMBIA-JEFFERSON CITY, MO",0.0
2022-01-02,"MONTEREY-SALINAS, CA",0.0
2022-01-02,"SAN ANTONIO, TX",0.0
2022-01-02,"LAFAYETTE, LA",2.0
2022-01-02,"FRESNO-VISALIA, CA",0.0
2022-01-02,"NEW YORK, NY",915.0
2022-01-02,No DMA,0.0
2021-11-14,"TULSA, OK",7.0
2021-11-14,"AUSTIN, TX",21.0
2021-11-14,"EUREKA, CA",7.0
2021-11-14,"HOUSTON, TX",19.0
2021-11-14,"LUBBOCK, TX",18.0
2021-11-14,"PHOENIX, AZ",49.0
2021-11-14,"AMARILLO, TX",18.0
2021-11-14,"VICTORIA, TX",8.0
2021-11-14,"JONESBORO, AR",17.0
2021-11-14,"ST JOSEPH, MO",3.0
2021-11-14,"ALEXANDRIA, LA",21.0
2021-11-14,"SAN ANGELO, TX",17.0
2021-11-14,"SHREVEPORT, LA",18.0
2021-11-14,"LITTLE ROCK, AR",16.0
2021-11-14,"PARKERSBERG, WV",6.0
2021-11-14,"SPRINGFIELD, MO",13.0
2021-11-14,"LAKE CHARLES, LA",7.0
2021-11-14,"OKLAHOMA CITY, OK",19.0
2021-11-14,"ODESSA-MIDLAND, TX",8.0
2021-11-14,"RALEIGH-DURHAM, NC",12.0
2021-11-14,"TYLER-LONGVIEW, TX",43.0
2021-11-14,"DALLAS, TX",32.0
2021-11-14,"WACO-TEMPLE, TX",8.0
2021-11-14,"ABILENE, TX",17.0
2021-11-14,"MONROE-ELDORADO, LA",11.0
2021-11-14,"CHARLESTON-HUNTINGTON, WV",38.0
2021-11-14,"GREENVILLE-NEW BERN, NC",37.0
2021-11-14,"BLUEFIELD-BECKLEY, WV",19.0
2021-11-14,"JOPLIN, MO - PITTSBURG, KS",0.0
2021-11-14,"WICHITA-HUTCHINSON, KS",0.0
2021-11-14,"CLARKSBURG-WESTON, WV",1.0
2021-11-14,"GREENWOOD-GREENVILLE, MS",10.0
2021-11-14,"COLUMBUS, OH",0.0
2021-11-14,"SPOKANE, WA",0.0
2021-11-14,"FT SMITH, AR",1.0
2021-11-14,"CLEVELAND, OH",0.0
2021-11-14,"LAS VEGAS, NV",1.0
2021-11-14,"RENO, NV",3.0
2021-11-14,"PALM SPRINGS, CA",2.0
2021-11-14,"SHERMAN-ADA, OK",1.0
2021-11-14,"LOS ANGELES, CA",0.0
2021-11-14,"MEMPHIS, TN",1.0
2021-11-14,"KANSAS CITY, MO",0.0
2021-11-14,"SACRAMENTO, CA",6.0
2021-11-14,"WICHITA FALLS, TX - LAWTON, OK",5.0
2021-11-14,"COLUMBIA-JEFFERSON CITY, MO",1.0
2021-11-14,"MONTEREY-SALINAS, CA",0.0
2021-11-14,"SAN ANTONIO, TX",0.0
2021-11-14,"LAFAYETTE, LA",1.0
2021-11-14,"FRESNO-VISALIA, CA",0.0
2021-11-14,"NEW YORK, NY",1019.0
2021-11-14,No DMA,0.0
2021-10-24,"TULSA, OK",7.0
2021-10-24,"AUSTIN, TX",12.0
2021-10-24,"EUREKA, CA",16.0
2021-10-24,"HOUSTON, TX",21.0
2021-10-24,"LUBBOCK, TX",36.0
2021-10-24,"PHOENIX, AZ",34.0
2021-10-24,"AMARILLO, TX",26.0
2021-10-24,"VICTORIA, TX",8.0
2021-10-24,"JONESBORO, AR",16.0
2021-10-24,"ST JOSEPH, MO",5.0
2021-10-24,"ALEXANDRIA, LA",18.0
2021-10-24,"SAN ANGELO, TX",11.0
2021-10-24,"SHREVEPORT, LA",18.0
2021-10-24,"LITTLE ROCK, AR",14.0
2021-10-24,"PARKERSBERG, WV",4.0
2021-10-24,"SPRINGFIELD, MO",13.0
2021-10-24,"LAKE CHARLES, LA",19.0
2021-10-24,"OKLAHOMA CITY, OK",14.0
2021-10-24,"ODESSA-MIDLAND, TX",20.0
2021-10-24,"RALEIGH-DURHAM, NC",24.0
2021-10-24,"TYLER-LONGVIEW, TX",80.0
2021-10-24,"DALLAS, TX",61.0
2021-10-24,"WACO-TEMPLE, TX",29.0
2021-10-24,"ABILENE, TX",21.0
2021-10-24,"MONROE-ELDORADO, LA",10.0
2021-10-24,"CHARLESTON-HUNTINGTON, WV",41.0
2021-10-24,"GREENVILLE-NEW BERN, NC",34.0
2021-10-24,"BLUEFIELD-BECKLEY, WV",18.0
2021-10-24,"JOPLIN, MO - PITTSBURG, KS",1.0
2021-10-24,"WICHITA-HUTCHINSON, KS",0.0
2021-10-24,"CLARKSBURG-WESTON, WV",2.0
2021-10-24,"GREENWOOD-GREENVILLE, MS",3.0
2021-10-24,"COLUMBUS, OH",0.0
2021-10-24,"SPOKANE, WA",0.0
2021-10-24,"FT SMITH, AR",7.0
2021-10-24,"CLEVELAND, OH",0.0
2021-10-24,"LAS VEGAS, NV",1.0
2021-10-24,"RENO, NV",2.0
2021-10-24,"PALM SPRINGS, CA",2.0
2021-10-24,"SHERMAN-ADA, OK",0.0
2021-10-24,"LOS ANGELES, CA",0.0
2021-10-24,"MEMPHIS, TN",0.0
2021-10-24,"KANSAS CITY, MO",0.0
2021-10-24,"SACRAMENTO, CA",3.0
2021-10-24,"WICHITA FALLS, TX - LAWTON, OK",0.0
2021-10-24,"COLUMBIA-JEFFERSON CITY, MO",2.0
2021-10-24,"MONTEREY-SALINAS, CA",0.0
2021-10-24,"SAN ANTONIO, TX",0.0
2021-10-24,"LAFAYETTE, LA",1.0
2021-10-24,"FRESNO-VISALIA, CA",0.0
2021-10-24,"NEW YORK, NY",1137.0
2021-10-24,No DMA,0.0
2021-10-31,"TULSA, OK",6.0
2021-10-31,"AUSTIN, TX",14.0
2021-10-31,"EUREKA, CA",8.0
2021-10-31,"HOUSTON, TX",23.0
2021-10-31,"LUBBOCK, TX",23.0
2021-10-31,"PHOENIX, AZ",19.0
2021-10-31,"AMARILLO, TX",26.0
2021-10-31,"VICTORIA, TX",8.0
2021-10-31,"JONESBORO, AR",10.0
2021-10-31,"ST JOSEPH, MO",8.0
2021-10-31,"ALEXANDRIA, LA",12.0
2021-10-31,"SAN ANGELO, TX",8.0
2021-10-31,"SHREVEPORT, LA",11.0
2021-10-31,"LITTLE ROCK, AR",14.0
2021-10-31,"PARKERSBERG, WV",7.0
2021-10-31,"SPRINGFIELD, MO",12.0
2021-10-31,"LAKE CHARLES, LA",17.0
2021-10-31,"OKLAHOMA CITY, OK",11.0
2021-10-31,"ODESSA-MIDLAND, TX",19.0
2021-10-31,"RALEIGH-DURHAM, NC",9.0
2021-10-31,"TYLER-LONGVIEW, TX",43.0
2021-10-31,"DALLAS, TX",39.0
2021-10-31,"WACO-TEMPLE, TX",15.0
2021-10-31,"ABILENE, TX",11.0
2021-10-31,"MONROE-ELDORADO, LA",6.0
2021-10-31,"CHARLESTON-HUNTINGTON, WV",25.0
2021-10-31,"GREENVILLE-NEW BERN, NC",27.0
2021-10-31,"BLUEFIELD-BECKLEY, WV",20.0
2021-10-31,"JOPLIN, MO - PITTSBURG, KS",2.0
2021-10-31,"WICHITA-HUTCHINSON, KS",0.0
2021-10-31,"CLARKSBURG-WESTON, WV",1.0
2021-10-31,"GREENWOOD-GREENVILLE, MS",3.0
2021-10-31,"COLUMBUS, OH",1.0
2021-10-31,"SPOKANE, WA",0.0
2021-10-31,"FT SMITH, AR",0.0
2021-10-31,"CLEVELAND, OH",0.0
2021-10-31,"LAS VEGAS, NV",0.0
2021-10-31,"RENO, NV",2.0
2021-10-31,"PALM SPRINGS, CA",2.0
2021-10-31,"SHERMAN-ADA, OK",2.0
2021-10-31,"LOS ANGELES, CA",0.0
2021-10-31,"MEMPHIS, TN",0.0
2021-10-31,"KANSAS CITY, MO",0.0
2021-10-31,"SACRAMENTO, CA",4.0
2021-10-31,"WICHITA FALLS, TX - LAWTON, OK",3.0
2021-10-31,"COLUMBIA-JEFFERSON CITY, MO",1.0
2021-10-31,"MONTEREY-SALINAS, CA",0.0
2021-10-31,"SAN ANTONIO, TX",0.0
2021-10-31,"LAFAYETTE, LA",1.0
2021-10-31,"FRESNO-VISALIA, CA",0.0
2021-10-31,"NEW YORK, NY",973.0
2021-10-31,No DMA,0.0
2021-12-26,"TULSA, OK",2.0
2021-12-26,"AUSTIN, TX",13.0
2021-12-26,"EUREKA, CA",19.0
2021-12-26,"HOUSTON, TX",13.0
2021-12-26,"LUBBOCK, TX",16.0
2021-12-26,"PHOENIX, AZ",27.0
2021-12-26,"AMARILLO, TX",12.0
2021-12-26,"VICTORIA, TX",2.0
2021-12-26,"JONESBORO, AR",7.0
2021-12-26,"ST JOSEPH, MO",3.0
2021-12-26,"ALEXANDRIA, LA",13.0
2021-12-26,"SAN ANGELO, TX",10.0
2021-12-26,"SHREVEPORT, LA",12.0
2021-12-26,"LITTLE ROCK, AR",18.0
2021-12-26,"PARKERSBERG, WV",6.0
2021-12-26,"SPRINGFIELD, MO",18.0
2021-12-26,"LAKE CHARLES, LA",11.0
2021-12-26,"OKLAHOMA CITY, OK",11.0
2021-12-26,"ODESSA-MIDLAND, TX",13.0
2021-12-26,"RALEIGH-DURHAM, NC",11.0
2021-12-26,"TYLER-LONGVIEW, TX",31.0
2021-12-26,"DALLAS, TX",31.0
2021-12-26,"WACO-TEMPLE, TX",16.0
2021-12-26,"ABILENE, TX",15.0
2021-12-26,"MONROE-ELDORADO, LA",6.0
2021-12-26,"CHARLESTON-HUNTINGTON, WV",22.0
2021-12-26,"GREENVILLE-NEW BERN, NC",25.0
2021-12-26,"BLUEFIELD-BECKLEY, WV",11.0
2021-12-26,"JOPLIN, MO - PITTSBURG, KS",0.0
2021-12-26,"WICHITA-HUTCHINSON, KS",0.0
2021-12-26,"CLARKSBURG-WESTON, WV",1.0
2021-12-26,"GREENWOOD-GREENVILLE, MS",7.0
2021-12-26,"COLUMBUS, OH",1.0
2021-12-26,"SPOKANE, WA",0.0
2021-12-26,"FT SMITH, AR",0.0
2021-12-26,"CLEVELAND, OH",2.0
2021-12-26,"LAS VEGAS, NV",0.0
2021-12-26,"RENO, NV",1.0
2021-12-26,"PALM SPRINGS, CA",0.0
2021-12-26,"SHERMAN-ADA, OK",0.0
2021-12-26,"LOS ANGELES, CA",0.0
2021-12-26,"MEMPHIS, TN",1.0
2021-12-26,"KANSAS CITY, MO",1.0
2021-12-26,"SACRAMENTO, CA",2.0
2021-12-26,"WICHITA FALLS, TX - LAWTON, OK",3.0
2021-12-26,"COLUMBIA-JEFFERSON CITY, MO",0.0
2021-12-26,"MONTEREY-SALINAS, CA",0.0
2021-12-26,"SAN ANTONIO, TX",0.0
2021-12-26,"LAFAYETTE, LA",3.0
2021-12-26,"FRESNO-VISALIA, CA",0.0
2021-12-26,"NEW YORK, NY",753.0
2021-12-26,No DMA,0.0
2021-08-22,"TULSA, OK",4.0
2021-08-22,"AUSTIN, TX",18.0
2021-08-22,"EUREKA, CA",18.0
2021-08-22,"HOUSTON, TX",25.0
2021-08-22,"LUBBOCK, TX",27.0
2021-08-22,"PHOENIX, AZ",35.0
2021-08-22,"AMARILLO, TX",13.0
2021-08-22,"VICTORIA, TX",19.0
2021-08-22,"JONESBORO, AR",6.0
2021-08-22,"ST JOSEPH, MO",11.0
2021-08-22,"ALEXANDRIA, LA",14.0
2021-08-22,"SAN ANGELO, TX",11.0
2021-08-22,"SHREVEPORT, LA",17.0
2021-08-22,"LITTLE ROCK, AR",14.0
2021-08-22,"PARKERSBERG, WV",10.0
2021-08-22,"SPRINGFIELD, MO",20.0
2021-08-22,"LAKE CHARLES, LA",24.0
2021-08-22,"OKLAHOMA CITY, OK",17.0
2021-08-22,"ODESSA-MIDLAND, TX",17.0
2021-08-22,"RALEIGH-DURHAM, NC",8.0
2021-08-22,"TYLER-LONGVIEW, TX",39.0
2021-08-22,"DALLAS, TX",43.0
2021-08-22,"WACO-TEMPLE, TX",28.0
2021-08-22,"ABILENE, TX",24.0
2021-08-22,"MONROE-ELDORADO, LA",7.0
2021-08-22,"CHARLESTON-HUNTINGTON, WV",40.0
2021-08-22,"GREENVILLE-NEW BERN, NC",31.0
2021-08-22,"BLUEFIELD-BECKLEY, WV",25.0
2021-08-22,"JOPLIN, MO - PITTSBURG, KS",4.0
2021-08-22,"WICHITA-HUTCHINSON, KS",0.0
2021-08-22,"CLARKSBURG-WESTON, WV",2.0
2021-08-22,"GREENWOOD-GREENVILLE, MS",10.0
2021-08-22,"COLUMBUS, OH",0.0
2021-08-22,"SPOKANE, WA",0.0
2021-08-22,"FT SMITH, AR",0.0
2021-08-22,"CLEVELAND, OH",0.0
2021-08-22,"LAS VEGAS, NV",1.0
2021-08-22,"RENO, NV",1.0
2021-08-22,"PALM SPRINGS, CA",5.0
2021-08-22,"SHERMAN-ADA, OK",0.0
2021-08-22,"LOS ANGELES, CA",2.0
2021-08-22,"MEMPHIS, TN",0.0
2021-08-22,"KANSAS CITY, MO",1.0
2021-08-22,"SACRAMENTO, CA",6.0
2021-08-22,"WICHITA FALLS, TX - LAWTON, OK",3.0
2021-08-22,"COLUMBIA-JEFFERSON CITY, MO",1.0
2021-08-22,"MONTEREY-SALINAS, CA",0.0
2021-08-22,"SAN ANTONIO, TX",0.0
2021-08-22,"LAFAYETTE, LA",0.0
2021-08-22,"FRESNO-VISALIA, CA",0.0
2021-08-22,"NEW YORK, NY",985.0
2021-08-22,No DMA,0.0
2022-01-16,"TULSA, OK",6.0
2022-01-16,"AUSTIN, TX",11.0
2022-01-16,"EUREKA, CA",15.0
2022-01-16,"HOUSTON, TX",19.0
2022-01-16,"LUBBOCK, TX",23.0
2022-01-16,"PHOENIX, AZ",38.0
2022-01-16,"AMARILLO, TX",12.0
2022-01-16,"VICTORIA, TX",10.0
2022-01-16,"JONESBORO, AR",10.0
2022-01-16,"ST JOSEPH, MO",8.0
2022-01-16,"ALEXANDRIA, LA",13.0
2022-01-16,"SAN ANGELO, TX",10.0
2022-01-16,"SHREVEPORT, LA",15.0
2022-01-16,"LITTLE ROCK, AR",14.0
2022-01-16,"PARKERSBERG, WV",11.0
2022-01-16,"SPRINGFIELD, MO",20.0
2022-01-16,"LAKE CHARLES, LA",11.0
2022-01-16,"OKLAHOMA CITY, OK",10.0
2022-01-16,"ODESSA-MIDLAND, TX",18.0
2022-01-16,"RALEIGH-DURHAM, NC",12.0
2022-01-16,"TYLER-LONGVIEW, TX",45.0
2022-01-16,"DALLAS, TX",37.0
2022-01-16,"WACO-TEMPLE, TX",13.0
2022-01-16,"ABILENE, TX",17.0
2022-01-16,"MONROE-ELDORADO, LA",13.0
2022-01-16,"CHARLESTON-HUNTINGTON, WV",31.0
2022-01-16,"GREENVILLE-NEW BERN, NC",19.0
2022-01-16,"BLUEFIELD-BECKLEY, WV",9.0
2022-01-16,"JOPLIN, MO - PITTSBURG, KS",1.0
2022-01-16,"WICHITA-HUTCHINSON, KS",0.0
2022-01-16,"CLARKSBURG-WESTON, WV",2.0
2022-01-16,"GREENWOOD-GREENVILLE, MS",3.0
2022-01-16,"COLUMBUS, OH",1.0
2022-01-16,"SPOKANE, WA",0.0
2022-01-16,"FT SMITH, AR",0.0
2022-01-16,"CLEVELAND, OH",1.0
2022-01-16,"LAS VEGAS, NV",0.0
2022-01-16,"RENO, NV",2.0
2022-01-16,"PALM SPRINGS, CA",2.0
2022-01-16,"SHERMAN-ADA, OK",0.0
2022-01-16,"LOS ANGELES, CA",1.0
2022-01-16,"MEMPHIS, TN",1.0
2022-01-16,"KANSAS CITY, MO",0.0
2022-01-16,"SACRAMENTO, CA",2.0
2022-01-16,"WICHITA FALLS, TX - LAWTON, OK",3.0
2022-01-16,"COLUMBIA-JEFFERSON CITY, MO",0.0
2022-01-16,"MONTEREY-SALINAS, CA",0.0
2022-01-16,"SAN ANTONIO, TX",0.0
2022-01-16,"LAFAYETTE, LA",0.0
2022-01-16,"FRESNO-VISALIA, CA",0.0
2022-01-16,"NEW YORK, NY",946.0
2022-01-16,No DMA,0.0
